Fold;fs-I;fd-I;ms-I;md-I;fs-II;fd-II;ms-II;md-II
1;0.6774;0.6667;0.7826;0.9;0.81;0.87;0.83;0.88
2;0.8065;0.6852;0.7826;0.76;0.86;0.84;0.84;0.92
3;0.7742;0.7222;0.6522;0.76;0.88;0.69;0.87;0.91
4;0.7258;0.6667;0.6957;0.84;0.85;0.87;0.83;0.85
5;0.6875;0.7692;0.7083;0.7963;0.8;0.83;0.79;0.92
;0.73428;0.702;0.72428;0.81126;0.84;0.82;0.832;0.896
